title,url,comments,time
ロボット掃除機にあったらいい機能,https://girlschannel.net/topics/5887799/,7,2秒前
たった砂糖1gで0.02歳老化する!?「若返り」の秘密は食事にあり。「世界長寿サミット」から見えてきた老化予防のヒントとは【京都府立医科大学大学院教授が解説】,https://girlschannel.net/topics/5887796/,18,13秒前
文明の力すげーっと思ったこと,https://girlschannel.net/topics/5885798/,169,15時間前
やっぱり東京が一番だった…10年間妄信した「軽井沢移住」の失策。年金22万円のお金持ち老夫婦が「1億円の終の棲家」を捨て、帰京した理由,https://girlschannel.net/topics/5885792/,891,1時間前
友達の定義,https://girlschannel.net/topics/5885785/,140,8時間前
結婚前に同棲は必要なのか…既婚者300人が教える、同棲のメリット＆デメリット,https://girlschannel.net/topics/5885784/,197,3時間前
全肯定ファンが苦手,https://girlschannel.net/topics/5885781/,500,35分前
芸人さんにファンレター出したことある人,https://girlschannel.net/topics/5885778/,59,1日前
"【2025もうすぐツアー】カルロス・トシキファン集まれ！【君は1,000％】",https://girlschannel.net/topics/5885776/,135,14時間前
きっと帰ってくる… 二度と戻らない飼い主の帰宅を窓際で待ち続けるゴールデンレトリバー,https://girlschannel.net/topics/5885766/,95,18時間前
美容師の間で「AIサロンモデル」の起用拡大、ただ…仕上がりは画像のものとはほど遠く,https://girlschannel.net/topics/5885763/,197,11時間前
海外ブランドの爆上がりを悲しんでいる方,https://girlschannel.net/topics/5885762/,183,1時間前
中谷美紀、夫との2ショットを披露→「新婚さんみたい」「絵になりますね」と反響,https://girlschannel.net/topics/5885755/,196,17時間前
【画像】グルメ系YouTuberハシダ、手が大きすぎると話題 「ドーナツがミニチュアに見える」,https://girlschannel.net/topics/5885751/,108,3時間前
コンビニで一度でも買ったことあるものにプラス,https://girlschannel.net/topics/5885748/,136,12時間前
「出したいのか隠したいのか」ファンも困惑…板野友美、“顔出し終了” 宣言するも娘の横顔公開にツッコミ続出,https://girlschannel.net/topics/5885742/,477,8秒前
【アニメ漫画】納得しないと感動できない【映画】,https://girlschannel.net/topics/5885740/,70,22時間前
「小学生の女の子が車にはねられた」小学校の前の横断歩道で女の子（8）がはねられる　病院に搬送されるも重体　広島,https://girlschannel.net/topics/5885732/,154,15時間前
レターセット大量消費,https://girlschannel.net/topics/5885730/,86,6時間前
Mrs. GREEN APPLE好きな人🍏part22【アンチ厳禁】,https://girlschannel.net/topics/5885727/,332,19分前
ケイティ・ペリー、トルドー元カナダ首相とのキスシーンが目撃される　水着姿でハグ,https://girlschannel.net/topics/5885718/,144,6時間前
50代妻に聞いた「夫とふたりでデートしてる？」リアルな夫婦の過ごし方,https://girlschannel.net/topics/5885717/,172,4時間前
字を書くのが苦手、嫌い、好きじゃない人,https://girlschannel.net/topics/5885708/,85,8時間前
保田圭　出身地・千葉県富津市に引っ越してきた有名人を実名告白「町が大騒ぎになった」,https://girlschannel.net/topics/5885705/,83,1日前
人気ラーメン店の魁力屋でバイトが「卵キャッチボール」　動画をSNS投稿、本社「法的措置も視野」,https://girlschannel.net/topics/5885702/,104,2時間前
使ってるサイト語り,https://girlschannel.net/topics/5885699/,55,1日前
子どもが行き渋りを始めてすぐに直面する3つの問題とは　「学校がすべてを解決してくれる、という思い込みは捨てて」と専門家,https://girlschannel.net/topics/5885691/,83,14時間前
ASAYANを語りたい,https://girlschannel.net/topics/5885690/,287,8時間前
「4日間も意識を失い、死ぬかもしれなかった…」と告白｜マドンナ（67歳）が感染した敗血症とは？,https://girlschannel.net/topics/5885688/,46,19時間前
「推し」にはまり「パパ活」の末に妊娠　産んだ赤ちゃんをごみ箱に捨てた女の生活,https://girlschannel.net/topics/5885682/,295,8時間前
仕事のモチベーションが湧かない‥,https://girlschannel.net/topics/5885681/,119,2時間前
脳出血で療養中・清原翔32歳、人気モデルらに囲まれ笑顔「愛されてますね」「素敵！」,https://girlschannel.net/topics/5885667/,97,19時間前
【実況・感想】＜火ドラ★イレブン＞娘の命を奪ったヤツを殺すのは罪ですか？ #02,https://girlschannel.net/topics/5885666/,253,3時間前
【夜遅くにごめんね】おにぎりの話をしない？🍙Part3,https://girlschannel.net/topics/5885665/,192,6時間前
料理研究家タレントの園山真希絵、昨年結婚していた　お相手は嵐の曲も手がける作詞作曲家「最初から別居婚」,https://girlschannel.net/topics/5885661/,418,3時間前
身体の関係をもったら冷めてしまった。,https://girlschannel.net/topics/5885659/,735,57分前
イラストレーターさん「あなたの愛猫を描きます！」→企画に寄せられた豪快すぎる画像に笑顔になる人々,https://girlschannel.net/topics/5885652/,53,19時間前
腹立つ言い訳選手権🏅,https://girlschannel.net/topics/5885646/,104,1日前
【狭小】ペンシルハウスについて語ろう【3階建て】part3,https://girlschannel.net/topics/5885641/,1013,1時間前
令和の学生寮が大変貌！ 人気を集めるシアター、プール付き下宿には「なめてるのか！」の声も…もはや貧乏学生は絶滅危惧種に,https://girlschannel.net/topics/5885640/,112,14時間前
【ドラマ】『裸の大将 放浪記』観てた方,https://girlschannel.net/topics/5885633/,89,21時間前
